<?xml version="1.0" encoding="UTF-8"?>
<model package="glossary" baseClass="xPDOObject" platform="mysql" defaultEngine="InnoDB" phpdoc-package="glossary" phpdoc-subpackage="model" version="1.1">
    <object class="Term" table="glossary" extends="xPDOSimpleObject">
        <field key="term" dbtype="varchar" precision="255" phptype="string" null="false" default=""/>
        <field key="explanation" dbtype="text" phptype="string" null="false" default=""/>
        <field key="createdon" dbtype="timestamp" phptype="timestamp" null="true"/>
        <field key="createdby" dbtype="int" precision="11" phptype="integer" null="false" default="0"/>
        <field key="updatedon" dbtype="timestamp" phptype="timestamp" null="true"/>
        <field key="updatedby" dbtype="int" precision="11" phptype="integer" null="false" default="0"/>

        <aggregate alias="Creator" class="modUser" local="createdby" foreign="id" cardinality="one" owner="foreign"/>
        <aggregate alias="Editor" class="modUser" local="updatedby" foreign="id" cardinality="one" owner="foreign"/>
    </object>
</model>
